Название товара;Цена;Ссылка;Категория
;;https://www.divan.ru/product/torsher-ralf-beige;svet
;;https://www.divan.ru/product/podvesnoj-svetilnik-ferum-orange;svet
;;https://www.divan.ru/product/nastolnaya-lampa-nidls-raffia-beige;svet
;;https://www.divan.ru/product/svetilnik-potolochnyj-ringa-black;svet
;;https://www.divan.ru/product/torsher-greno-2-beige;svet
;;https://www.divan.ru/product/torsher-bjork-white;svet
;;https://www.divan.ru/product/podvesnoj-svetilnik-nidls-beige;svet
;;https://www.divan.ru/product/nastolnaya-lampa-mashrum-2-black;svet
;;https://www.divan.ru/product/torsher-vena-black;svet
;;https://www.divan.ru/product/torsher-bindu-beige;svet
;;https://www.divan.ru/product/torsher-larri-black;svet
;;https://www.divan.ru/product/podvesnoj-svetilnik-tubuli-5-wood;svet
;;https://www.divan.ru/product/nastolnaya-lampa-sfera-orange;svet
;;https://www.divan.ru/product/bra-smasten-white;svet
;;https://www.divan.ru/product/torsher-alnej-1-black;svet
;;https://www.divan.ru/product/nastolnaya-lampa-arvika-wood;svet
;;https://www.divan.ru/product/nastolnaya-lampa-spajk-orange;svet
;;https://www.divan.ru/product/podvesnoj-svetilnik-inlada-wood;svet
;;https://www.divan.ru/product/torsher-nidls-2-black;svet
;;https://www.divan.ru/product/nastolnaya-lampa-alnej-beige;svet
;;https://www.divan.ru/product/nastolnaya-lampa-nidls-3-beige;svet
;;https://www.divan.ru/product/podvesnoj-svetilnik-namsen-black;svet
;;https://www.divan.ru/product/torsher-alnej-1-orange;svet
;;https://www.divan.ru/product/nastolnaya-lampa-mashrum-2-pink;svet
;;https://www.divan.ru/product/torsher-nidls-khaki;svet
;;https://www.divan.ru/product/torsher-nidls-2-beige;svet
;;https://www.divan.ru/product/lyustra-livsden-brown;svet
;;https://www.divan.ru/product/torsher-alnej-1-beige;svet
;;https://www.divan.ru/product/podvesnoj-svetilnik-grontri-1-wood;svet
;;https://www.divan.ru/product/torsher-greno-2-black;svet
;;https://www.divan.ru/product/nastolnaya-lampa-mashrum-2-gold;svet
;;https://www.divan.ru/product/nastolnaya-lampa-nidls-2-beige;svet
;;https://www.divan.ru/product/nastolnaya-lampa-spajk-green;svet
;;https://www.divan.ru/product/nastolnaya-lampa-mashrum-2-green;svet
;;https://www.divan.ru/product/bra-brakett-white;svet
;;https://www.divan.ru/product/torsher-alnej-1-green;svet
;;https://www.divan.ru/product/nastolnaya-lampa-alnej-black;svet
;;https://www.divan.ru/product/torsher-ralf-white;svet
;;https://www.divan.ru/product/podvesnoj-svetilnik-otra-wood;svet
;;https://www.divan.ru/product/torsher-larri-green;svet
;;https://www.divan.ru/product/nastolnaya-lampa-alnej-orange;svet
;;https://www.divan.ru/product/nastolnaya-lampa-mashrum-2-silver;svet
;;https://www.divan.ru/product/svetilnik-potolochnyj-orhus-white;svet
;;https://www.divan.ru/product/torsher-larri-beige;svet
;;https://www.divan.ru/product/nastolnaya-lampa-raffi-round;svet
;;https://www.divan.ru/product/torsher-greno-2-silver;svet
;;https://www.divan.ru/product/torsher-raffi-round;svet
;;https://www.divan.ru/product/nastolnaya-lampa-mashrum-2-grey;svet
Без названия;Не указана;https://www.divan.ru/product/bra-pinocchio;svet
Без названия;Не указана;https://www.divan.ru/product/torsher-klaud-white;svet
Без названия;Не указана;https://www.divan.ru/product/torsher-rej-black;svet
Без названия;Не указана;https://www.divan.ru/product/nastolnaya-lampa-mashrum-gold;svet
Без названия;Не указана;https://www.divan.ru/product/svetilnik-potolochnyj-ringa-black;svet
Без названия;Не указана;https://www.divan.ru/product/bra-berit-black;svet
Диван прямой Филс-Мини 120 Velvet Terra;;https://www.divan.ru/product/divan-pryamoj-fils-mini-120-velvet-terra;divany-i-kresla
Кресло Кастел Velvet Olive;;https://www.divan.ru/product/kreslo-kastel-velvet-olive;divany-i-kresla
Кресло Орхет Velvet Marsala;;https://www.divan.ru/product/kreslo-orhet-velvet-marsala;divany-i-kresla
Пуф Дзен Лес;;https://www.divan.ru/product/puf-dzen-les;divany-i-kresla
Диван прямой Массе-М Мини Velvet Navy Blue;;https://www.divan.ru/product/divan-pryamoj-masse-m-mini-velvet-navy-blue;divany-i-kresla
Диван прямой Спейс Velvet Olive;;https://www.divan.ru/product/divan-spejs-velvet-olive;divany-i-kresla
Кресло Нелви Cozy Terra;;https://www.divan.ru/product/kreslo-nelvi-cozy-terra;divany-i-kresla
Диван прямой Мелоу Velvet Beige;;https://www.divan.ru/product/divan-pryamoj-melou-velvet-beige;divany-i-kresla
Пуф Кропс Bucle Lilac;;https://www.divan.ru/product/puf-krops-bucle-lilac;divany-i-kresla
Диван прямой Клаймар Velvet Terra;;https://www.divan.ru/product/divan-klajmar-velvet-terra;divany-i-kresla
Кресло Тут Рядом Мечта Сине-бежевое;;https://www.divan.ru/product/kreslo-tut-ryadom-mechta-sine-bejevoe;divany-i-kresla
Диван прямой Аронт Мини Velvet Pink;;https://www.divan.ru/product/divan-pryamoj-aront-mini-velvet-pink;divany-i-kresla
Диван прямой Лонди Cozy Ecru;;https://www.divan.ru/product/divan-londi-cozy-ecru;divany-i-kresla
Пуф Дзен-1 Диалог;;https://www.divan.ru/product/puf-dzen-1-dialog;divany-i-kresla
Кресло Салми Velvet Smoke;;https://www.divan.ru/product/kreslo-salmi-velvet-smoke;divany-i-kresla
Диван угловой Нордика мини Velvet Olive;;https://www.divan.ru/product/divan-uglovoj-nordika-mini-velvet-olive;divany-i-kresla
Кресло Пайл Textile Ginger;;https://www.divan.ru/product/kreslo-pajl-textile-ginger;divany-i-kresla
Диван прямой Льери Мини Velvet Yellow;;https://www.divan.ru/product/divan-leri-mini-velvet-yellow;divany-i-kresla
Кресло Кенсол Velvet Blue;;https://www.divan.ru/product/kreslo-kensol-velvet-blue;divany-i-kresla
Диван модульный Маиль-3 Textile Latte;;https://www.divan.ru/product/divan-modulnyj-mail-3-textile-latte;divany-i-kresla
Кресло Грейн Textile Olive;;https://www.divan.ru/product/kreslo-grejn-textile-olive;divany-i-kresla
Кресло Витио Velvet Yellow;;https://www.divan.ru/product/kreslo-vitio-velvet-yellow-new;divany-i-kresla
Диван прямой Эби Velvet Coral;;https://www.divan.ru/product/divan-ebi-velvet-coral;divany-i-kresla
Пуф Корк Velvet Moss;;https://www.divan.ru/product/puf-kork-velvet-moss;divany-i-kresla
Кресло Бринт Soft Terra;;https://www.divan.ru/product/kreslo-brint-soft-terra;divany-i-kresla
Диван модульный Риббл-1 Bucle Mint;;https://www.divan.ru/product/modulnyj-divan-ribbl-1-bucle-mint;divany-i-kresla
Кресло Пайпел-2 Bucle Forest;;https://www.divan.ru/product/kreslo-pajpel-2-bucle-forest;divany-i-kresla
Диван прямой Виена Velvet Smoke;;https://www.divan.ru/product/divan-viena-time-grey;divany-i-kresla
Диван прямой Види Textile Navy Blue;;https://www.divan.ru/product/divan-vidi-textile-navy-blue;divany-i-kresla
Диван угловой Аллаум Linia Stone;;https://www.divan.ru/product/divan-uglovoj-allaum-linia-stone;divany-i-kresla
Кресло Ансил Bucle Milk;;https://www.divan.ru/product/kreslo-ansil-bucle-milk;divany-i-kresla
Диван угловой Аронт Мини Velvet Olive;;https://www.divan.ru/product/divan-uglovoj-aront-mini-velvet-olive;divany-i-kresla
Диван модульный Brera-8 Bucle Beige;;https://www.divan.ru/product/modulnyj-divan-brera-8-bucle-beige;divany-i-kresla
Диван угловой Клаймар Velvet Stone;;https://www.divan.ru/product/divan-uglovoj-klajmar-velvet-stone;divany-i-kresla
Диван прямой Сваут Velvet Mustard;;https://www.divan.ru/product/divan-svaut-velvet-mustard;divany-i-kresla
Диван прямой Инес Vertical Blue;;https://www.divan.ru/product/divan-ines-vertical-blue;divany-i-kresla
Диван прямой Лави Velvet Moss;;https://www.divan.ru/product/divan-lavi-velvet-moss;divany-i-kresla
Диван угловой Эдвин Velvet Terra;;https://www.divan.ru/product/divan-uglovoj-edvin-velvet-terra;divany-i-kresla
Диван угловой Дарол Velvet Silver;;https://www.divan.ru/product/divan-uglovoj-darol-velvet-silver;divany-i-kresla
Диван прямой Терм Velvet Beige;;https://www.divan.ru/product/divan-term-velvet-beige;divany-i-kresla
Диван прямой Лилле Velvet Atlantic;;https://www.divan.ru/product/divan-lille-velvet-atlantic;divany-i-kresla
Кресло Кото Cozy Beige;;https://www.divan.ru/product/kreslo-koto-cozy-beige;divany-i-kresla
Диван прямой Бонент Velvet Eclipse;;https://www.divan.ru/product/divan-bonent-velvet-eclipse;divany-i-kresla
Диван прямой Нумо-Мини 120 Textile Light;;https://www.divan.ru/product/divan-numo-mini-textile-light;divany-i-kresla
Пуф Кофи Velvet Light;;https://www.divan.ru/product/puf-kofi-velvet-light;divany-i-kresla
Диван угловой Нордика мини Velvet Coral;;https://www.divan.ru/product/divan-uglovoj-nordika-mini-velvet-coral;divany-i-kresla
Диван угловой Стаус Velvet Olive;;https://www.divan.ru/product/divan-uglovoj-staus-velvet-olive;divany-i-kresla
Кресло Винси Textile Ginger;;https://www.divan.ru/product/kreslo-vinsi-textile-ginger;divany-i-kresla
Без названия;Не указана;https://www.divan.ru/product/divan-bons-t-velvet-emerald;divany-i-kresla
Без названия;Не указана;https://www.divan.ru/product/divan-vinsi-soft-light;divany-i-kresla
Без названия;Не указана;https://www.divan.ru/product/divan-lilt-bucle-white;divany-i-kresla
Без названия;Не указана;https://www.divan.ru/product/divan-spejs-velvet-olive;divany-i-kresla
Без названия;Не указана;https://www.divan.ru/product/divan-lavi-velvet-terra;divany-i-kresla
Без названия;Не указана;https://www.divan.ru/product/divan-onte-bucle-white;divany-i-kresla
Без названия;Не указана;https://www.divan.ru/product/divan-lilt-bucle-white;divany-i-kresla
Без названия;Не указана;https://www.divan.ru/product/kreslo-pajl-barhat-smoke;divany-i-kresla
Без названия;Не указана;https://www.divan.ru/product/divan-tilar-textile-coffee;divany-i-kresla
Без названия;Не указана;https://www.divan.ru/product/divan-uglovoj-spejs-1-velvet-olive;divany-i-kresla
Кухонный стол Хилл-1 Wood;;https://www.divan.ru/product/kuhonnyj-stol-hill-1-wood;stoly-i-stulya
Стул Алекс-1 Olive;;https://www.divan.ru/product/stul-aleks-1-olive;stoly-i-stulya
Кухонный стол Авалон-1 Белый;;https://www.divan.ru/product/obedennyj-stol-avalon-1-belyj;stoly-i-stulya
Стул Смит-1 Beige;;https://www.divan.ru/product/stul-smit-1-beige;stoly-i-stulya
Кухонный стол Дилон Wood;;https://www.divan.ru/product/kuhonnyj-stol-dilon-wood;stoly-i-stulya
Стул Ларсон Velvet Cream;;https://www.divan.ru/product/stul-larson-velvet-cream;stoly-i-stulya
Кухонный стол Монтес Black;;https://www.divan.ru/product/kuhonnyj-stol-montes-black;stoly-i-stulya
Стул Айвин Velvet Olive;;https://www.divan.ru/product/stul-ajvin-velvet-olive;stoly-i-stulya
Стул Меган-1 Textile Olive;;https://www.divan.ru/product/stul-megan-1-textile-olive;stoly-i-stulya
Журнальный стол Ньюман-2 White;;https://www.divan.ru/product/jurnalnyj-stol-nyuman-2-white;stoly-i-stulya
Стул Лион-2 Velvet Olive;;https://www.divan.ru/product/stul-lion-2-velvet-olive;stoly-i-stulya
Стул Лайтен Textile Olive;;https://www.divan.ru/product/stul-lajten-textile-olive;stoly-i-stulya
Письменный стол Харви Beige;;https://www.divan.ru/product/pismennyj-stol-harvi-beige;stoly-i-stulya
Стул Тингл Beige;;https://www.divan.ru/product/stul-tingl-beige;stoly-i-stulya
Стул Меган Velvet Coral;;https://www.divan.ru/product/stul-megan-velvet-coral;stoly-i-stulya
Журнальный стол Имба Black;;https://www.divan.ru/product/jurnalnyj-stol-imba-black;stoly-i-stulya
Стул Лайтен Textile Beige;;https://www.divan.ru/product/stul-lajten-textile-beige;stoly-i-stulya
Стул Торвалль Velvet Olive;;https://www.divan.ru/product/stul-torval-velvet-olive;stoly-i-stulya
Стул Айвин Velvet Grey;;https://www.divan.ru/product/stul-ajvin-velvet-grey;stoly-i-stulya
Стул Тисино Black;;https://www.divan.ru/product/stul-tisino-black;stoly-i-stulya
Журнальный стол Келси-1 Wood;;https://www.divan.ru/product/jurnalnyj-stol-kelsi-1-wood;stoly-i-stulya
Стул Торвалль Barhat Cherry;;https://www.divan.ru/product/stul-torvall-barhat-cherry;stoly-i-stulya
Журнальный стол Вегар-3 Terracota;;https://www.divan.ru/product/jurnalnyj-stol-vegar-3-terracota;stoly-i-stulya
Стул Айвин Velvet Beige;;https://www.divan.ru/product/stul-ajvin-velvet-beige;stoly-i-stulya
Консоль Волкер-1 Milk Oak;;https://www.divan.ru/product/konsol-volker-1-milk-oak;stoly-i-stulya
Стул Меган Velvet Olive;;https://www.divan.ru/product/stul-megan-velvet-olive;stoly-i-stulya
Письменный стол Джеффин-1 White;;https://www.divan.ru/product/pismennyj-stol-djeffin-1-white;stoly-i-stulya
Стул Берри Soft Olive;;https://www.divan.ru/product/stul-berri-soft-olive;stoly-i-stulya
Журнальный стол Лейтон Wood;;https://www.divan.ru/product/jurnalnyj-stol-lejton-wood;stoly-i-stulya
Журнальный стол Имба Bordo Glossy;;https://www.divan.ru/product/jurnalnyj-stol-imba-bordo-glossy;stoly-i-stulya
Стул Келлум Red;;https://www.divan.ru/product/stul-kellum-red;stoly-i-stulya
Стул Киана Velvet Terra;;https://www.divan.ru/product/stul-kiana-velvet-terra;stoly-i-stulya
Журнальный стол Вегар-2 Milk;;https://www.divan.ru/product/jurnalnyj-stol-vegar-2-milk;stoly-i-stulya
Стул Тингл Bordo;;https://www.divan.ru/product/stul-tingl-bordo;stoly-i-stulya
Стул Меган Velvet Beige;;https://www.divan.ru/product/stul-megan-velvet-beige;stoly-i-stulya
Офисное кресло Стивен Olive;;https://www.divan.ru/product/ofisnoe-kreslo-stiven-olive;stoly-i-stulya
Стул Марти-2 Velvet Olive;;https://www.divan.ru/product/stul-marti-2-velvet-olive;stoly-i-stulya
Письменный стол Джеффин-1 Grey;;https://www.divan.ru/product/pismennyj-stol-djeffin-1-grey;stoly-i-stulya
Стул Берри Soft Grafit;;https://www.divan.ru/product/stul-berri-soft-grafit;stoly-i-stulya
Офисное кресло Рендал Textile Grey;;https://www.divan.ru/product/ofisnoe-kreslo-rendal-textile-grey-new;stoly-i-stulya
Офисное кресло Вернер Velvet Terra;;https://www.divan.ru/product/ofisnoe-kreslo-verner-velvet-terra;stoly-i-stulya
Стул Гамбл Textile Olive;;https://www.divan.ru/product/stul-gambl-textile-olive;stoly-i-stulya
Журнальный стол Тони Puffin;;https://www.divan.ru/product/jurnalnyj-stol-toni-puffin;stoly-i-stulya
Консоль Волкер-1 Latte Oak;;https://www.divan.ru/product/konsol-volker-1-latte-oak;stoly-i-stulya
Журнальный стол Бренда Blue;;https://www.divan.ru/product/jurnalnyj-stol-brenda-blue;stoly-i-stulya
Стул Тисино Beige;;https://www.divan.ru/product/stul-tisino-beige;stoly-i-stulya
Стул Келлум Beige;;https://www.divan.ru/product/stul-kellum-beige;stoly-i-stulya
Журнальный стол Имба Latte;;https://www.divan.ru/product/jurnalnyj-stol-imba-latte;stoly-i-stulya
Без названия;Не указана;https://www.divan.ru/product/obedennyj-stol-avalon-3-belyj;stoly-i-stulya
Без названия;Не указана;https://www.divan.ru/product/pismennyj-stol-elsi-2-terra;stoly-i-stulya
Без названия;Не указана;https://www.divan.ru/product/pismennyj-stol-veldi-1-milk;stoly-i-stulya
Без названия;Не указана;https://www.divan.ru/product/pismennyj-stol-binker-olive;stoly-i-stulya
Без названия;Не указана;https://www.divan.ru/product/pismennyj-stol-nordik-light;stoly-i-stulya
Без названия;Не указана;https://www.divan.ru/product/pismennyj-stol-nordik-light;stoly-i-stulya
Без названия;Не указана;https://www.divan.ru/product/stol-detskij-milna-1-santiago;stoly-i-stulya
Без названия;Не указана;https://www.divan.ru/product/stol-hansson-1-latte;stoly-i-stulya
Без названия;Не указана;https://www.divan.ru/product/stol-fern-beige;stoly-i-stulya
Без названия;Не указана;https://www.divan.ru/product/jurnalnyj-stol-mate-2-white;stoly-i-stulya
