name;price;link;category
;;https://www.divan.ru/product/torsher-ralf-beige;svet
;;https://www.divan.ru/product/podvesnoj-svetilnik-ferum-orange;svet
;;https://www.divan.ru/product/nastolnaya-lampa-nidls-raffia-beige;svet
;;https://www.divan.ru/product/svetilnik-potolochnyj-ringa-black;svet
;;https://www.divan.ru/product/torsher-greno-2-beige;svet
;;https://www.divan.ru/product/torsher-bjork-white;svet
;;https://www.divan.ru/product/podvesnoj-svetilnik-nidls-beige;svet
;;https://www.divan.ru/product/nastolnaya-lampa-mashrum-2-black;svet
;;https://www.divan.ru/product/torsher-vena-black;svet
;;https://www.divan.ru/product/torsher-bindu-beige;svet
;;https://www.divan.ru/product/torsher-larri-black;svet
;;https://www.divan.ru/product/podvesnoj-svetilnik-tubuli-5-wood;svet
;;https://www.divan.ru/product/nastolnaya-lampa-sfera-orange;svet
;;https://www.divan.ru/product/bra-smasten-white;svet
;;https://www.divan.ru/product/torsher-alnej-1-black;svet
;;https://www.divan.ru/product/nastolnaya-lampa-arvika-wood;svet
;;https://www.divan.ru/product/nastolnaya-lampa-spajk-orange;svet
;;https://www.divan.ru/product/podvesnoj-svetilnik-inlada-wood;svet
;;https://www.divan.ru/product/torsher-nidls-2-black;svet
;;https://www.divan.ru/product/nastolnaya-lampa-alnej-beige;svet
;;https://www.divan.ru/product/nastolnaya-lampa-nidls-3-beige;svet
;;https://www.divan.ru/product/podvesnoj-svetilnik-namsen-black;svet
;;https://www.divan.ru/product/torsher-alnej-1-orange;svet
;;https://www.divan.ru/product/nastolnaya-lampa-mashrum-2-pink;svet
;;https://www.divan.ru/product/torsher-nidls-khaki;svet
;;https://www.divan.ru/product/torsher-nidls-2-beige;svet
;;https://www.divan.ru/product/lyustra-livsden-brown;svet
;;https://www.divan.ru/product/torsher-alnej-1-beige;svet
;;https://www.divan.ru/product/podvesnoj-svetilnik-grontri-1-wood;svet
;;https://www.divan.ru/product/torsher-greno-2-black;svet
;;https://www.divan.ru/product/nastolnaya-lampa-mashrum-2-gold;svet
;;https://www.divan.ru/product/nastolnaya-lampa-nidls-2-beige;svet
;;https://www.divan.ru/product/nastolnaya-lampa-spajk-green;svet
;;https://www.divan.ru/product/nastolnaya-lampa-mashrum-2-green;svet
;;https://www.divan.ru/product/bra-brakett-white;svet
;;https://www.divan.ru/product/torsher-alnej-1-green;svet
;;https://www.divan.ru/product/nastolnaya-lampa-alnej-black;svet
;;https://www.divan.ru/product/torsher-ralf-white;svet
;;https://www.divan.ru/product/podvesnoj-svetilnik-otra-wood;svet
;;https://www.divan.ru/product/torsher-larri-green;svet
;;https://www.divan.ru/product/nastolnaya-lampa-alnej-orange;svet
;;https://www.divan.ru/product/nastolnaya-lampa-mashrum-2-silver;svet
;;https://www.divan.ru/product/svetilnik-potolochnyj-orhus-white;svet
;;https://www.divan.ru/product/torsher-larri-beige;svet
;;https://www.divan.ru/product/nastolnaya-lampa-raffi-round;svet
;;https://www.divan.ru/product/torsher-greno-2-silver;svet
;;https://www.divan.ru/product/torsher-raffi-round;svet
;;https://www.divan.ru/product/nastolnaya-lampa-mashrum-2-grey;svet
Без названия;Не указана;https://www.divan.ru/product/bra-pinocchio;svet
Без названия;Не указана;https://www.divan.ru/product/torsher-klaud-white;svet
Без названия;Не указана;https://www.divan.ru/product/torsher-rej-black;svet
Без названия;Не указана;https://www.divan.ru/product/nastolnaya-lampa-mashrum-gold;svet
Без названия;Не указана;https://www.divan.ru/product/svetilnik-potolochnyj-ringa-black;svet
Без названия;Не указана;https://www.divan.ru/product/bra-berit-black;svet
